author_id,name
A1,Author 1
A2,Author 2
A3,Author 3
A4,Author 4
A5,Author 5
A6,Author 6
A7,Author 7
A8,Author 8
A9,Author 9
A10,Author 10
A11,Author 11
A12,Author 12
A13,Author 13
A14,Author 14
A15,Author 15
A16,Author 16
A17,Author 17
A18,Author 18
A19,Author 19
A20,Author 20
A21,Author 21
A22,Author 22
A23,Author 23
A24,Author 24
A25,Author 25
A26,Author 26
A27,Author 27
A28,Author 28
A29,Author 29
A30,Author 30
A31,Author 31
A32,Author 32
A33,Author 33
A34,Author 34
A35,Author 35
A36,Author 36
A37,Author 37
A38,Author 38
A39,Author 39
A40,Author 40
A41,Author 41
A42,Author 42
A43,Author 43
A44,Author 44
A45,Author 45
A46,Author 46
A47,Author 47
A48,Author 48
A49,Author 49
A50,Author 50
A51,Author 51
A52,Author 52
A53,Author 53
A54,Author 54
A55,Author 55
A56,Author 56
A57,Author 57
A58,Author 58
A59,Author 59
A60,Author 60
A61,Author 61
A62,Author 62
A63,Author 63
A64,Author 64
A65,Author 65
A66,Author 66
A67,Author 67
A68,Author 68
A69,Author 69
A70,Author 70
A71,Author 71
A72,Author 72
A73,Author 73
A74,Author 74
A75,Author 75
A76,Author 76
A77,Author 77
A78,Author 78
A79,Author 79
A80,Author 80
A81,Author 81
A82,Author 82
A83,Author 83
A84,Author 84
A85,Author 85
A86,Author 86
A87,Author 87
A88,Author 88
A89,Author 89
A90,Author 90
A91,Author 91
A92,Author 92
A93,Author 93
A94,Author 94
A95,Author 95
A96,Author 96
A97,Author 97
A98,Author 98
A99,Author 99
A100,Author 100
A101,Author 101
A102,Author 102
A103,Author 103
A104,Author 104
A105,Author 105
A106,Author 106
A107,Author 107
A108,Author 108
A109,Author 109
A110,Author 110
A111,Author 111
A112,Author 112
A113,Author 113
A114,Author 114
A115,Author 115
A116,Author 116
A117,Author 117
A118,Author 118
A119,Author 119
A120,Author 120
A121,Author 121
A122,Author 122
A123,Author 123
A124,Author 124
A125,Author 125
A126,Author 126
A127,Author 127
A128,Author 128
A129,Author 129
A130,Author 130
A131,Author 131
A132,Author 132
A133,Author 133
A134,Author 134
A135,Author 135
A136,Author 136
A137,Author 137
A138,Author 138
A139,Author 139
A140,Author 140
A141,Author 141
A142,Author 142
A143,Author 143
A144,Author 144
A145,Author 145
A146,Author 146
A147,Author 147
A148,Author 148
A149,Author 149
A150,Author 150
A151,Author 151
A152,Author 152
A153,Author 153
A154,Author 154
A155,Author 155
A156,Author 156
A157,Author 157
A158,Author 158
A159,Author 159
A160,Author 160
A161,Author 161
A162,Author 162
A163,Author 163
A164,Author 164
A165,Author 165
A166,Author 166
A167,Author 167
A168,Author 168
A169,Author 169
A170,Author 170
A171,Author 171
A172,Author 172
A173,Author 173
A174,Author 174
A175,Author 175
A176,Author 176
A177,Author 177
A178,Author 178
A179,Author 179
A180,Author 180
A181,Author 181
A182,Author 182
A183,Author 183
A184,Author 184
A185,Author 185
A186,Author 186
A187,Author 187
A188,Author 188
A189,Author 189
A190,Author 190
A191,Author 191
A192,Author 192
A193,Author 193
A194,Author 194
A195,Author 195
A196,Author 196
A197,Author 197
A198,Author 198
A199,Author 199
A200,Author 200
A201,Author 201
A202,Author 202
A203,Author 203
A204,Author 204
A205,Author 205
A206,Author 206
A207,Author 207
A208,Author 208
A209,Author 209
A210,Author 210
A211,Author 211
A212,Author 212
A213,Author 213
A214,Author 214
A215,Author 215
A216,Author 216
A217,Author 217
A218,Author 218
A219,Author 219
A220,Author 220
A221,Author 221
A222,Author 222
A223,Author 223
A224,Author 224
A225,Author 225
A226,Author 226
A227,Author 227
A228,Author 228
A229,Author 229
A230,Author 230
A231,Author 231
A232,Author 232
A233,Author 233
A234,Author 234
A235,Author 235
A236,Author 236
A237,Author 237
A238,Author 238
A239,Author 239
A240,Author 240
A241,Author 241
A242,Author 242
A243,Author 243
A244,Author 244
A245,Author 245
A246,Author 246
A247,Author 247
A248,Author 248
A249,Author 249
A250,Author 250
A251,Author 251
A252,Author 252
A253,Author 253
A254,Author 254
A255,Author 255
A256,Author 256
A257,Author 257
A258,Author 258
A259,Author 259
A260,Author 260
A261,Author 261
A262,Author 262
A263,Author 263
A264,Author 264
A265,Author 265
A266,Author 266
A267,Author 267
A268,Author 268
A269,Author 269
A270,Author 270
A271,Author 271
A272,Author 272
A273,Author 273
A274,Author 274
A275,Author 275
A276,Author 276
A277,Author 277
A278,Author 278
A279,Author 279
A280,Author 280
A281,Author 281
A282,Author 282
A283,Author 283
A284,Author 284
A285,Author 285
A286,Author 286
A287,Author 287
A288,Author 288
A289,Author 289
A290,Author 290
A291,Author 291
A292,Author 292
A293,Author 293
A294,Author 294
A295,Author 295
A296,Author 296
A297,Author 297
A298,Author 298
A299,Author 299
A300,Author 300
A301,Author 301
A302,Author 302
A303,Author 303
A304,Author 304
A305,Author 305
A306,Author 306
A307,Author 307
A308,Author 308
A309,Author 309
A310,Author 310
A311,Author 311
A312,Author 312
A313,Author 313
A314,Author 314
A315,Author 315
A316,Author 316
A317,Author 317
A318,Author 318
A319,Author 319
A320,Author 320
A321,Author 321
A322,Author 322
A323,Author 323
A324,Author 324
A325,Author 325
A326,Author 326
A327,Author 327
A328,Author 328
A329,Author 329
A330,Author 330
A331,Author 331
A332,Author 332
A333,Author 333
A334,Author 334
A335,Author 335
A336,Author 336
A337,Author 337
A338,Author 338
A339,Author 339
A340,Author 340
A341,Author 341
A342,Author 342
A343,Author 343
A344,Author 344
A345,Author 345
A346,Author 346
A347,Author 347
A348,Author 348
A349,Author 349
A350,Author 350
A351,Author 351
A352,Author 352
A353,Author 353
A354,Author 354
A355,Author 355
A356,Author 356
A357,Author 357
A358,Author 358
A359,Author 359
A360,Author 360
A361,Author 361
A362,Author 362
A363,Author 363
A364,Author 364
A365,Author 365
A366,Author 366
A367,Author 367
A368,Author 368
A369,Author 369
A370,Author 370
A371,Author 371
A372,Author 372
A373,Author 373
A374,Author 374
A375,Author 375
A376,Author 376
A377,Author 377
A378,Author 378
A379,Author 379
A380,Author 380
A381,Author 381
A382,Author 382
A383,Author 383
A384,Author 384
A385,Author 385
A386,Author 386
A387,Author 387
A388,Author 388
A389,Author 389
A390,Author 390
A391,Author 391
A392,Author 392
A393,Author 393
A394,Author 394
A395,Author 395
A396,Author 396
A397,Author 397
A398,Author 398
A399,Author 399
A400,Author 400
A401,Author 401
A402,Author 402
A403,Author 403
A404,Author 404
A405,Author 405
A406,Author 406
A407,Author 407
A408,Author 408
A409,Author 409
A410,Author 410
A411,Author 411
A412,Author 412
A413,Author 413
A414,Author 414
A415,Author 415
A416,Author 416
A417,Author 417
A418,Author 418
A419,Author 419
A420,Author 420
A421,Author 421
A422,Author 422
A423,Author 423
A424,Author 424
A425,Author 425
A426,Author 426
A427,Author 427
A428,Author 428
A429,Author 429
A430,Author 430
A431,Author 431
A432,Author 432
A433,Author 433
A434,Author 434
A435,Author 435
A436,Author 436
A437,Author 437
A438,Author 438
A439,Author 439
A440,Author 440
A441,Author 441
A442,Author 442
A443,Author 443
A444,Author 444
A445,Author 445
A446,Author 446
A447,Author 447
A448,Author 448
A449,Author 449
A450,Author 450
A451,Author 451
A452,Author 452
A453,Author 453
A454,Author 454
A455,Author 455
A456,Author 456
A457,Author 457
A458,Author 458
A459,Author 459
A460,Author 460
A461,Author 461
A462,Author 462
A463,Author 463
A464,Author 464
A465,Author 465
A466,Author 466
A467,Author 467
A468,Author 468
A469,Author 469
A470,Author 470
A471,Author 471
A472,Author 472
A473,Author 473
A474,Author 474
A475,Author 475
A476,Author 476
A477,Author 477
A478,Author 478
A479,Author 479
A480,Author 480
A481,Author 481
A482,Author 482
A483,Author 483
A484,Author 484
A485,Author 485
A486,Author 486
A487,Author 487
A488,Author 488
A489,Author 489
A490,Author 490
A491,Author 491
A492,Author 492
A493,Author 493
A494,Author 494
A495,Author 495
A496,Author 496
A497,Author 497
A498,Author 498
A499,Author 499
A500,Author 500
