paper_id,title
31336,Research Paper 31336
1061127,Research Paper 1061127
1106406,Research Paper 1106406
13195,Research Paper 13195
37879,Research Paper 37879
1126012,Research Paper 1126012
1107140,Research Paper 1107140
1102850,Research Paper 1102850
31349,Research Paper 31349
1106418,Research Paper 1106418
1123188,Research Paper 1123188
1128990,Research Paper 1128990
109323,Research Paper 109323
217139,Research Paper 217139
31353,Research Paper 31353
32083,Research Paper 32083
1126029,Research Paper 1126029
1118017,Research Paper 1118017
49482,Research Paper 49482
753265,Research Paper 753265
249858,Research Paper 249858
1113739,Research Paper 1113739
48766,Research Paper 48766
646195,Research Paper 646195
1126050,Research Paper 1126050
59626,Research Paper 59626
340299,Research Paper 340299
354004,Research Paper 354004
242637,Research Paper 242637
1106492,Research Paper 1106492
74975,Research Paper 74975
1152272,Research Paper 1152272
100701,Research Paper 100701
66982,Research Paper 66982
13960,Research Paper 13960
13966,Research Paper 13966
66990,Research Paper 66990
182093,Research Paper 182093
182094,Research Paper 182094
13972,Research Paper 13972
13982,Research Paper 13982
16819,Research Paper 16819
273152,Research Paper 273152
237521,Research Paper 237521
1153703,Research Paper 1153703
32872,Research Paper 32872
284025,Research Paper 284025
218666,Research Paper 218666
16843,Research Paper 16843
1153724,Research Paper 1153724
1153728,Research Paper 1153728
158098,Research Paper 158098
8699,Research Paper 8699
1134865,Research Paper 1134865
28456,Research Paper 28456
248425,Research Paper 248425
1112319,Research Paper 1112319
28471,Research Paper 28471
175548,Research Paper 175548
696345,Research Paper 696345
28485,Research Paper 28485
1139195,Research Paper 1139195
35778,Research Paper 35778
28491,Research Paper 28491
310530,Research Paper 310530
1153784,Research Paper 1153784
1481,Research Paper 1481
1153786,Research Paper 1153786
13212,Research Paper 13212
1111614,Research Paper 1111614
5055,Research Paper 5055
4329,Research Paper 4329
330148,Research Paper 330148
1105062,Research Paper 1105062
4330,Research Paper 4330
5062,Research Paper 5062
4335,Research Paper 4335
158812,Research Paper 158812
40124,Research Paper 40124
1103610,Research Paper 1103610
688361,Research Paper 688361
302545,Research Paper 302545
20534,Research Paper 20534
1031453,Research Paper 1031453
5086,Research Paper 5086
193742,Research Paper 193742
58268,Research Paper 58268
424,Research Paper 424
40151,Research Paper 40151
636098,Research Paper 636098
260121,Research Paper 260121
950052,Research Paper 950052
434,Research Paper 434
1131270,Research Paper 1131270
1131274,Research Paper 1131274
1131277,Research Paper 1131277
1110947,Research Paper 1110947
662279,Research Paper 662279
1139928,Research Paper 1139928
153063,Research Paper 153063
134199,Research Paper 134199
641956,Research Paper 641956
20584,Research Paper 20584
1130567,Research Paper 1130567
171225,Research Paper 171225
714879,Research Paper 714879
37998,Research Paper 37998
50336,Research Paper 50336
50337,Research Paper 50337
15429,Research Paper 15429
23448,Research Paper 23448
1122574,Research Paper 1122574
1110998,Research Paper 1110998
853150,Research Paper 853150
15431,Research Paper 15431
646286,Research Paper 646286
1152307,Research Paper 1152307
1115291,Research Paper 1115291
1106547,Research Paper 1106547
68463,Research Paper 68463
59715,Research Paper 59715
69198,Research Paper 69198
7272,Research Paper 7272
163235,Research Paper 163235
7276,Research Paper 7276
34315,Research Paper 34315
644843,Research Paper 644843
7297,Research Paper 7297
628815,Research Paper 628815
35061,Research Paper 35061
68495,Research Paper 68495
1136310,Research Paper 1136310
18313,Research Paper 18313
34355,Research Paper 34355
45212,Research Paper 45212
1153091,Research Paper 1153091
8703,Research Paper 8703
126920,Research Paper 126920
126927,Research Paper 126927
595157,Research Paper 595157
140005,Research Paper 140005
1117476,Research Paper 1117476
59798,Research Paper 59798
219446,Research Paper 219446
44514,Research Paper 44514
287787,Research Paper 287787
157401,Research Paper 157401
1154500,Research Paper 1154500
682666,Research Paper 682666
399173,Research Paper 399173
198866,Research Paper 198866
51834,Research Paper 51834
200630,Research Paper 200630
782486,Research Paper 782486
1136393,Research Paper 1136393
137849,Research Paper 137849
1153811,Research Paper 1153811
24966,Research Paper 24966
11148,Research Paper 11148
51866,Research Paper 51866
24974,Research Paper 24974
137868,Research Paper 137868
28542,Research Paper 28542
35,Research Paper 35
116021,Research Paper 116021
348305,Research Paper 348305
10430,Research Paper 10430
39403,Research Paper 39403
40,Research Paper 40
282700,Research Paper 282700
1105116,Research Paper 1105116
35854,Research Paper 35854
63477,Research Paper 63477
124064,Research Paper 124064
1120431,Research Paper 1120431
949318,Research Paper 949318
649944,Research Paper 649944
63486,Research Paper 63486
1153866,Research Paper 1153866
1140040,Research Paper 1140040
1112426,Research Paper 1112426
239800,Research Paper 239800
1131314,Research Paper 1131314
1153891,Research Paper 1153891
1129835,Research Paper 1129835
310653,Research Paper 310653
1130600,Research Paper 1130600
1111733,Research Paper 1111733
210871,Research Paper 210871
210872,Research Paper 210872
1132083,Research Paper 1132083
132806,Research Paper 132806
12631,Research Paper 12631
12638,Research Paper 12638
38771,Research Paper 38771
232605,Research Paper 232605
232606,Research Paper 232606
1107312,Research Paper 1107312
1114605,Research Paper 1114605
68505,Research Paper 68505
133553,Research Paper 133553
144408,Research Paper 144408
23502,Research Paper 23502
1108050,Research Paper 1108050
23507,Research Paper 23507
83826,Research Paper 83826
133563,Research Paper 133563
85299,Research Paper 85299
49660,Research Paper 49660
593060,Research Paper 593060
341188,Research Paper 341188
714975,Research Paper 714975
1115375,Research Paper 1115375
95435,Research Paper 95435
145176,Research Paper 145176
1113934,Research Paper 1113934
1132809,Research Paper 1132809
22835,Research Paper 22835
1153148,Research Paper 1153148
41714,Research Paper 41714
1118245,Research Paper 1118245
1152436,Research Paper 1152436
1153166,Research Paper 1153166
1153169,Research Paper 1153169
38000,Research Paper 38000
1152448,Research Paper 1152448
1137140,Research Paper 1137140
30895,Research Paper 30895
5966,Research Paper 5966
1136422,Research Paper 1136422
27174,Research Paper 27174
1128407,Research Paper 1128407
1124844,Research Paper 1124844
1153195,Research Paper 1153195
1113995,Research Paper 1113995
1136442,Research Paper 1136442
8821,Research Paper 8821
46079,Research Paper 46079
119761,Research Paper 119761
1111052,Research Paper 1111052
315789,Research Paper 315789
1108841,Research Paper 1108841
1135746,Research Paper 1135746
100935,Research Paper 100935
353541,Research Paper 353541
60682,Research Paper 60682
253762,Research Paper 253762
8872,Research Paper 8872
714260,Research Paper 714260
137956,Research Paper 137956
35922,Research Paper 35922
2354,Research Paper 2354
168410,Research Paper 168410
346292,Research Paper 346292
1153933,Research Paper 1153933
1119751,Research Paper 1119751
17798,Research Paper 17798
400356,Research Paper 400356
10531,Research Paper 10531
1110390,Research Paper 1110390
714289,Research Paper 714289
733167,Research Paper 733167
81714,Research Paper 81714
428610,Research Paper 428610
552469,Research Paper 552469
164885,Research Paper 164885
81722,Research Paper 81722
111866,Research Paper 111866
194617,Research Paper 194617
93318,Research Paper 93318
134307,Research Paper 134307
203646,Research Paper 203646
367312,Research Paper 367312
650814,Research Paper 650814
93320,Research Paper 93320
134315,Research Paper 134315
134316,Research Paper 134316
976334,Research Paper 976334
1095507,Research Paper 1095507
134320,Research Paper 134320
662416,Research Paper 662416
194645,Research Paper 194645
1131421,Research Paper 1131421
161221,Research Paper 161221
38839,Research Paper 38839
38846,Research Paper 38846
133615,Research Paper 133615
1112574,Research Paper 1112574
521207,Research Paper 521207
3828,Research Paper 3828
593105,Research Paper 593105
390693,Research Paper 390693
642847,Research Paper 642847
1122704,Research Paper 1122704
4584,Research Paper 4584
7419,Research Paper 7419
30901,Research Paper 30901
1115456,Research Paper 1115456
7432,Research Paper 7432
573553,Research Paper 573553
1022969,Research Paper 1022969
143801,Research Paper 143801
612306,Research Paper 612306
417017,Research Paper 417017
396412,Research Paper 396412
1107455,Research Paper 1107455
91975,Research Paper 91975
180187,Research Paper 180187
27203,Research Paper 27203
1152508,Research Paper 1152508
69392,Research Paper 69392
1118332,Research Paper 1118332
189577,Research Paper 189577
1114777,Research Paper 1114777
75969,Research Paper 75969
1132922,Research Paper 1132922
1153254,Research Paper 1153254
1117618,Research Paper 1117618
6767,Research Paper 6767
27241,Research Paper 27241
27246,Research Paper 27246
95589,Research Paper 95589
6771,Research Paper 6771
86840,Research Paper 86840
108962,Research Paper 108962
6786,Research Paper 6786
108963,Research Paper 108963
108974,Research Paper 108974
1117653,Research Paper 1117653
1152569,Research Paper 1152569
1132968,Research Paper 1132968
370366,Research Paper 370366
108983,Research Paper 108983
399339,Research Paper 399339
64319,Research Paper 64319
1110426,Research Paper 1110426
1102407,Research Paper 1102407
1127812,Research Paper 1127812
1128542,Research Paper 1128542
65057,Research Paper 65057
159084,Research Paper 159084
159085,Research Paper 159085
65074,Research Paper 65074
33895,Research Paper 33895
2440,Research Paper 2440
1717,Research Paper 1717
249421,Research Paper 249421
3187,Research Paper 3187
591016,Research Paper 591016
1110494,Research Paper 1110494
29492,Research Paper 29492
400473,Research Paper 400473
644334,Research Paper 644334
949511,Research Paper 949511
205192,Research Paper 205192
763009,Research Paper 763009
169280,Research Paper 169280
1120643,Research Paper 1120643
645088,Research Paper 645088
5348,Research Paper 5348
124296,Research Paper 124296
1121398,Research Paper 1121398
950305,Research Paper 950305
567018,Research Paper 567018
52000,Research Paper 52000
52003,Research Paper 52003
52007,Research Paper 52007
58540,Research Paper 58540
436796,Research Paper 436796
948846,Research Paper 948846
8213,Research Paper 8213
671293,Research Paper 671293
1131550,Research Paper 1131550
899119,Research Paper 899119
1105394,Research Paper 1105394
85452,Research Paper 85452
1112686,Research Paper 1112686
69418,Research Paper 69418
8224,Research Paper 8224
145315,Research Paper 145315
575077,Research Paper 575077
20850,Research Paper 20850
44017,Research Paper 44017
1135125,Research Paper 1135125
286562,Research Paper 286562
1123553,Research Paper 1123553
1135137,Research Paper 1135137
325314,Research Paper 325314
662572,Research Paper 662572
159897,Research Paper 159897
1130856,Research Paper 1130856
96335,Research Paper 96335
755082,Research Paper 755082
1123576,Research Paper 1123576
1103979,Research Paper 1103979
593260,Research Paper 593260
601567,Research Paper 601567
1119140,Research Paper 1119140
189655,Research Paper 189655
31769,Research Paper 31769
1107567,Research Paper 1107567
88356,Research Paper 88356
1033,Research Paper 1033
1034,Research Paper 1034
1106849,Research Paper 1106849
16470,Research Paper 16470
35343,Research Paper 35343
16471,Research Paper 16471
1154074,Research Paper 1154074
16476,Research Paper 16476
23774,Research Paper 23774
16485,Research Paper 16485
136665,Research Paper 136665
94953,Research Paper 94953
9708,Research Paper 9708
38205,Research Paper 38205
645897,Research Paper 645897
216877,Research Paper 216877
18619,Research Paper 18619
559804,Research Paper 559804
6898,Research Paper 6898
166420,Research Paper 166420
787016,Research Paper 787016
73146,Research Paper 73146
1136634,Research Paper 1136634
1111230,Research Paper 1111230
3218,Research Paper 3218
3229,Research Paper 3229
193347,Research Paper 193347
84020,Research Paper 84020
3231,Research Paper 3231
52847,Research Paper 52847
193352,Research Paper 193352
193354,Research Paper 193354
1110531,Research Paper 1110531
686532,Research Paper 686532
711598,Research Paper 711598
1063773,Research Paper 1063773
3243,Research Paper 3243
78994,Research Paper 78994
181782,Research Paper 181782
284414,Research Paper 284414
114189,Research Paper 114189
686559,Research Paper 686559
253971,Research Paper 253971
1106103,Research Paper 1106103
1114125,Research Paper 1114125
75318,Research Paper 75318
45599,Research Paper 45599
97892,Research Paper 97892
446271,Research Paper 446271
1106112,Research Paper 1106112
280876,Research Paper 280876
12182,Research Paper 12182
175909,Research Paper 175909
64484,Research Paper 64484
6125,Research Paper 6125
1120713,Research Paper 1120713
1114153,Research Paper 1114153
12197,Research Paper 12197
248823,Research Paper 248823
919885,Research Paper 919885
94229,Research Paper 94229
1120731,Research Paper 1120731
23069,Research Paper 23069
6151,Research Paper 6151
6155,Research Paper 6155
23070,Research Paper 23070
644448,Research Paper 644448
1112723,Research Paper 1112723
31097,Research Paper 31097
6169,Research Paper 6169
1106172,Research Paper 1106172
6170,Research Paper 6170
211875,Research Paper 211875
1109017,Research Paper 1109017
5454,Research Paper 5454
6184,Research Paper 6184
10796,Research Paper 10796
10798,Research Paper 10798
1120777,Research Paper 1120777
86258,Research Paper 86258
154134,Research Paper 154134
6196,Research Paper 6196
20920,Research Paper 20920
20923,Research Paper 20923
22386,Research Paper 22386
1131639,Research Paper 1131639
77515,Research Paper 77515
93555,Research Paper 93555
17201,Research Paper 17201
644494,Research Paper 644494
17208,Research Paper 17208
1125082,Research Paper 1125082
1131647,Research Paper 1131647
74698,Research Paper 74698
13652,Research Paper 13652
20942,Research Paper 20942
390894,Research Paper 390894
390896,Research Paper 390896
1125092,Research Paper 1125092
13656,Research Paper 13656
1116347,Research Paper 1116347
13658,Research Paper 13658
114966,Research Paper 114966
120013,Research Paper 120013
1117089,Research Paper 1117089
57948,Research Paper 57948
334153,Research Paper 334153
160732,Research Paper 160732
1154103,Research Paper 1154103
12946,Research Paper 12946
1104787,Research Paper 1104787
17242,Research Paper 17242
321861,Research Paper 321861
189721,Research Paper 189721
1119211,Research Paper 1119211
12960,Research Paper 12960
95718,Research Paper 95718
6910,Research Paper 6910
180373,Research Paper 180373
6917,Research Paper 6917
358884,Research Paper 358884
887,Research Paper 887
180399,Research Paper 180399
358894,Research Paper 358894
1154169,Research Paper 1154169
120084,Research Paper 120084
1120019,Research Paper 1120019
1152711,Research Paper 1152711
1154176,Research Paper 1154176
424540,Research Paper 424540
1118546,Research Paper 1118546
643003,Research Paper 643003
112099,Research Paper 112099
1104007,Research Paper 1104007
1120049,Research Paper 1120049
175256,Research Paper 175256
45605,Research Paper 45605
15889,Research Paper 15889
35490,Research Paper 35490
221302,Research Paper 221302
562123,Research Paper 562123
1104031,Research Paper 1104031
1129442,Research Paper 1129442
1129443,Research Paper 1129443
1137466,Research Paper 1137466
328370,Research Paper 328370
1103315,Research Paper 1103315
12210,Research Paper 12210
1104055,Research Paper 1104055
64519,Research Paper 64519
114,Research Paper 114
1109873,Research Paper 1109873
128,Research Paper 128
12238,Research Paper 12238
1112099,Research Paper 1112099
18774,Research Paper 18774
18777,Research Paper 18777
130,Research Paper 130
23116,Research Paper 23116
948299,Research Paper 948299
6209,Research Paper 6209
197054,Research Paper 197054
6210,Research Paper 6210
6213,Research Paper 6213
6214,Research Paper 6214
6216,Research Paper 6216
6217,Research Paper 6217
2653,Research Paper 2653
2658,Research Paper 2658
753047,Research Paper 753047
188318,Research Paper 188318
74700,Research Paper 74700
67415,Research Paper 67415
6220,Research Paper 6220
2665,Research Paper 2665
28957,Research Paper 28957
143323,Research Paper 143323
340075,Research Paper 340075
1949,Research Paper 1949
1953,Research Paper 1953
1955,Research Paper 1955
1959,Research Paper 1959
390922,Research Paper 390922
22431,Research Paper 22431
1113541,Research Paper 1113541
1132418,Research Paper 1132418
628500,Research Paper 628500
648106,Research Paper 648106
1104809,Research Paper 1104809
4804,Research Paper 4804
648112,Research Paper 648112
33301,Research Paper 33301
33303,Research Paper 33303
267824,Research Paper 267824
1138970,Research Paper 1138970
13717,Research Paper 13717
1131719,Research Paper 1131719
1120866,Research Paper 1120866
1106287,Research Paper 1106287
755217,Research Paper 755217
647408,Research Paper 647408
1116410,Research Paper 1116410
1132459,Research Paper 1132459
1105574,Research Paper 1105574
1133196,Research Paper 1133196
307336,Research Paper 307336
906,Research Paper 906
1131745,Research Paper 1131745
1131748,Research Paper 1131748
910,Research Paper 910
943,Research Paper 943
31927,Research Paper 31927
101261,Research Paper 101261
101263,Research Paper 101263
31932,Research Paper 31932
779960,Research Paper 779960
1135358,Research Paper 1135358
1154230,Research Paper 1154230
1135368,Research Paper 1135368
28227,Research Paper 28227
32688,Research Paper 32688
189856,Research Paper 189856
27510,Research Paper 27510
27514,Research Paper 27514
1154276,Research Paper 1154276
27530,Research Paper 27530
1152821,Research Paper 1152821
28265,Research Paper 28265
103430,Research Paper 103430
27543,Research Paper 27543
39126,Research Paper 39126
28278,Research Paper 28278
39131,Research Paper 39131
10169,Research Paper 10169
28287,Research Paper 28287
1129518,Research Paper 1129518
1272,Research Paper 1272
194223,Research Paper 194223
10177,Research Paper 10177
18811,Research Paper 18811
18812,Research Paper 18812
73327,Research Paper 73327
1117942,Research Paper 1117942
15984,Research Paper 15984
202522,Research Paper 202522
1152858,Research Paper 1152858
1152859,Research Paper 1152859
10183,Research Paper 10183
81350,Research Paper 81350
259126,Research Paper 259126
13024,Research Paper 13024
1120170,Research Paper 1120170
46452,Research Paper 46452
26850,Research Paper 26850
18832,Research Paper 18832
18833,Research Paper 18833
82098,Research Paper 82098
103482,Research Paper 103482
158614,Research Paper 158614
46468,Research Paper 46468
71904,Research Paper 71904
80656,Research Paper 80656
29708,Research Paper 29708
1128839,Research Paper 1128839
1128846,Research Paper 1128846
12330,Research Paper 12330
240321,Research Paper 240321
1128853,Research Paper 1128853
219976,Research Paper 219976
38480,Research Paper 38480
12350,Research Paper 12350
1104191,Research Paper 1104191
7022,Research Paper 7022
63931,Research Paper 63931
68224,Research Paper 68224
1110768,Research Paper 1110768
384428,Research Paper 384428
1107041,Research Paper 1107041
1114352,Research Paper 1114352
1107062,Research Paper 1107062
288,Research Paper 288
1107067,Research Paper 1107067
91581,Research Paper 91581
39904,Research Paper 39904
6334,Research Paper 6334
123825,Research Paper 123825
23258,Research Paper 23258
66805,Research Paper 66805
6346,Research Paper 6346
55968,Research Paper 55968
368431,Research Paper 368431
179702,Research Paper 179702
1140547,Research Paper 1140547
1114388,Research Paper 1114388
90888,Research Paper 90888
510715,Research Paper 510715
33412,Research Paper 33412
188471,Research Paper 188471
1152143,Research Paper 1152143
1120962,Research Paper 1120962
1125258,Research Paper 1125258
648232,Research Paper 648232
143476,Research Paper 143476
1152150,Research Paper 1152150
1117249,Research Paper 1117249
25413,Research Paper 25413
1152162,Research Paper 1152162
241821,Research Paper 241821
350362,Research Paper 350362
1116530,Research Paper 1116530
61069,Research Paper 61069
1110000,Research Paper 1110000
646809,Research Paper 646809
1105698,Research Paper 1105698
1152194,Research Paper 1152194
198653,Research Paper 198653
1116569,Research Paper 1116569
77758,Research Paper 77758
854434,Research Paper 854434
1128151,Research Paper 1128151
1123867,Research Paper 1123867
191404,Research Paper 191404
1116594,Research Paper 1116594
126793,Research Paper 126793
43639,Research Paper 43639
44368,Research Paper 44368
97390,Research Paper 97390
87915,Research Paper 87915
131117,Research Paper 131117
8581,Research Paper 8581
27606,Research Paper 27606
1115886,Research Paper 1115886
184157,Research Paper 184157
8594,Research Paper 8594
1152904,Research Paper 1152904
1120211,Research Paper 1120211
28350,Research Paper 28350
1152910,Research Paper 1152910
27627,Research Paper 27627
649731,Research Paper 649731
308920,Research Paper 308920
289780,Research Paper 289780
289781,Research Paper 289781
19621,Research Paper 19621
1129608,Research Paper 1129608
1365,Research Paper 1365
103543,Research Paper 103543
28387,Research Paper 28387
28389,Research Paper 28389
43698,Research Paper 43698
54550,Research Paper 54550
1129621,Research Paper 1129621
46536,Research Paper 46536
1129629,Research Paper 1129629
294126,Research Paper 294126
568857,Research Paper 568857
447224,Research Paper 447224
38537,Research Paper 38537
1152975,Research Paper 1152975
34979,Research Paper 34979
1104261,Research Paper 1104261
139865,Research Paper 139865
56709,Research Paper 56709
1128945,Research Paper 1128945
19697,Research Paper 19697
107177,Research Paper 107177
1131165,Research Paper 1131165
1128959,Research Paper 1128959
152219,Research Paper 152219
184918,Research Paper 184918
16008,Research Paper 16008
1122425,Research Paper 1122425
928873,Research Paper 928873
206259,Research Paper 206259
714748,Research Paper 714748
1131189,Research Paper 1131189
217115,Research Paper 217115
560936,Research Paper 560936
1131198,Research Paper 1131198
1128985,Research Paper 1128985
466170,Research Paper 466170
429805,Research Paper 429805
561674,Research Paper 561674
654177,Research Paper 654177
95225,Research Paper 95225
37884,Research Paper 37884
37888,Research Paper 37888
1128997,Research Paper 1128997
545647,Research Paper 545647
42207,Research Paper 42207
42209,Research Paper 42209
82920,Research Paper 82920
128202,Research Paper 128202
128203,Research Paper 128203
1134056,Research Paper 1134056
1102873,Research Paper 1102873
42221,Research Paper 42221
1107171,Research Paper 1107171
1133338,Research Paper 1133338
67633,Research Paper 67633
375825,Research Paper 375825
48781,Research Paper 48781
75674,Research Paper 75674
289088,Research Paper 289088
1152244,Research Paper 1152244
13917,Research Paper 13917
75695,Research Paper 75695
34257,Research Paper 34257
1117348,Research Paper 1117348
574710,Research Paper 574710
34263,Research Paper 34263
1128204,Research Paper 1128204
34266,Research Paper 34266
1128208,Research Paper 1128208
1116629,Research Paper 1116629
110162,Research Paper 110162
110163,Research Paper 110163
110164,Research Paper 110164
628751,Research Paper 628751
708945,Research Paper 708945
1123926,Research Paper 1123926
1152277,Research Paper 1152277
77826,Research Paper 77826
77829,Research Paper 77829
8617,Research Paper 8617
242663,Research Paper 242663
8619,Research Paper 8619
628764,Research Paper 628764
628766,Research Paper 628766
1125393,Research Paper 1125393
66986,Research Paper 66986
646913,Research Paper 646913
578309,Research Paper 578309
18251,Research Paper 18251
1152290,Research Paper 1152290
954315,Research Paper 954315
212107,Research Paper 212107
578337,Research Paper 578337
907845,Research Paper 907845
1127530,Research Paper 1127530
1128267,Research Paper 1128267
28412,Research Paper 28412
594387,Research Paper 594387
1127541,Research Paper 1127541
44455,Research Paper 44455
45188,Research Paper 45188
45189,Research Paper 45189
62607,Research Paper 62607
1127551,Research Paper 1127551
1123991,Research Paper 1123991
1127558,Research Paper 1127558
105057,Research Paper 105057
1128291,Research Paper 1128291
1127566,Research Paper 1127566
1154459,Research Paper 1154459
218682,Research Paper 218682
28447,Research Paper 28447
1153736,Research Paper 1153736
62634,Research Paper 62634
211432,Research Paper 211432
112378,Research Paper 112378
1113035,Research Paper 1113035
1118848,Research Paper 1118848
137790,Research Paper 137790
217984,Research Paper 217984
949217,Research Paper 949217
28473,Research Paper 28473
1104300,Research Paper 1104300
1105033,Research Paper 1105033
11093,Research Paper 11093
696342,Research Paper 696342
696343,Research Paper 696343
696346,Research Paper 696346
28487,Research Paper 28487
5038,Research Paper 5038
195150,Research Paper 195150
62676,Research Paper 62676
13213,Research Paper 13213
576973,Research Paper 576973
35797,Research Paper 35797
134128,Research Paper 134128
166825,Research Paper 166825
175576,Research Paper 175576
509379,Research Paper 509379
1113084,Research Paper 1113084
53942,Research Paper 53942
642621,Research Paper 642621
1131236,Research Paper 1131236
1112369,Research Paper 1112369
446610,Research Paper 446610
644093,Research Paper 644093
411092,Research Paper 411092
642641,Research Paper 642641
408885,Research Paper 408885
1131258,Research Paper 1131258
1131267,Research Paper 1131267
13269,Research Paper 13269
1104379,Research Paper 1104379
1114502,Research Paper 1114502
1107215,Research Paper 1107215
83725,Research Paper 83725
84459,Research Paper 84459
642681,Research Paper 642681
445938,Research Paper 445938
1103676,Research Paper 1103676
1130568,Research Paper 1130568
1153003,Research Paper 1153003
51045,Research Paper 51045
12576,Research Paper 12576
144330,Research Paper 144330
105865,Research Paper 105865
51052,Research Paper 51052
746058,Research Paper 746058
1153014,Research Paper 1153014
641976,Research Paper 641976
561789,Research Paper 561789
1130586,Research Paper 1130586
368605,Research Paper 368605
1133428,Research Paper 1133428
1113828,Research Paper 1113828
129042,Research Paper 129042
129045,Research Paper 129045
6539,Research Paper 6539
1153031,Research Paper 1153031
1122580,Research Paper 1122580
1132706,Research Paper 1132706
1152308,Research Paper 1152308
105899,Research Paper 105899
50354,Research Paper 50354
1121867,Research Paper 1121867
1113852,Research Paper 1113852
1153056,Research Paper 1153056
94641,Research Paper 94641
1153065,Research Paper 1153065
1133469,Research Paper 1133469
35070,Research Paper 35070
576257,Research Paper 576257
368657,Research Paper 368657
1129018,Research Paper 1129018
263069,Research Paper 263069
1129027,Research Paper 1129027
1152358,Research Paper 1152358
1125467,Research Paper 1125467
1125469,Research Paper 1125469
72101,Research Paper 72101
40922,Research Paper 40922
1153097,Research Paper 1153097
1109439,Research Paper 1109439
423463,Research Paper 423463
128383,Research Paper 128383
683360,Research Paper 683360
1129040,Research Paper 1129040
52515,Research Paper 52515
41666,Research Paper 41666
1128319,Research Paper 1128319
1152379,Research Paper 1152379
1136342,Research Paper 1136342
1125492,Research Paper 1125492
1108728,Research Paper 1108728
265203,Research Paper 265203
628888,Research Paper 628888
1127619,Research Paper 1127619
56112,Research Paper 56112
56115,Research Paper 56115
56119,Research Paper 56119
89547,Research Paper 89547
51831,Research Paper 51831
91038,Research Paper 91038
96847,Research Paper 96847
521855,Research Paper 521855
594483,Research Paper 594483
1119623,Research Paper 1119623
96851,Research Paper 96851
1136397,Research Paper 1136397
158172,Research Paper 158172
1127657,Research Paper 1127657
131315,Research Paper 131315
131318,Research Paper 131318
289945,Research Paper 289945
62718,Research Paper 62718
229635,Research Paper 229635
56167,Research Paper 56167
1119654,Research Paper 1119654
51879,Research Paper 51879
10435,Research Paper 10435
137873,Research Paper 137873
168332,Research Paper 168332
330208,Research Paper 330208
689152,Research Paper 689152
1120444,Research Paper 1120444
1153877,Research Paper 1153877
111770,Research Paper 111770
1153879,Research Paper 1153879
108047,Research Paper 108047
1131300,Research Paper 1131300
362926,Research Paper 362926
129896,Research Paper 129896
129897,Research Paper 129897
59045,Research Paper 59045
1153889,Research Paper 1153889
239810,Research Paper 239810
20601,Research Paper 20601
20602,Research Paper 20602
416964,Research Paper 416964
38722,Research Paper 38722
72908,Research Paper 72908
116081,Research Paper 116081
1153897,Research Paper 1153897
116084,Research Paper 116084
116087,Research Paper 116087
1113182,Research Paper 1113182
1131330,Research Paper 1131330
582139,Research Paper 582139
561809,Research Paper 561809
14062,Research Paper 14062
1104449,Research Paper 1104449
39474,Research Paper 39474
27895,Research Paper 27895
167670,Research Paper 167670
1131345,Research Paper 1131345
1131348,Research Paper 1131348
14083,Research Paper 14083
1103737,Research Paper 1103737
65650,Research Paper 65650
93273,Research Paper 93273
65653,Research Paper 65653
5194,Research Paper 5194
14090,Research Paper 14090
1131360,Research Paper 1131360
1130634,Research Paper 1130634
976284,Research Paper 976284
1130637,Research Paper 1130637
593022,Research Paper 593022
1131374,Research Paper 1131374
975567,Research Paper 975567
133550,Research Paper 133550
145134,Research Paper 145134
1130653,Research Paper 1130653
1130657,Research Paper 1130657
1104495,Research Paper 1104495
133566,Research Paper 133566
133567,Research Paper 133567
1122642,Research Paper 1122642
1114629,Research Paper 1114629
91852,Research Paper 91852
91853,Research Paper 91853
376704,Research Paper 376704
1153101,Research Paper 1153101
32276,Research Paper 32276
1130678,Research Paper 1130678
83847,Research Paper 83847
8079,Research Paper 8079
593068,Research Paper 593068
285675,Research Paper 285675
1130680,Research Paper 1130680
1106630,Research Paper 1106630
278394,Research Paper 278394
285687,Research Paper 285687
69284,Research Paper 69284
6639,Research Paper 6639
14807,Research Paper 14807
152483,Research Paper 152483
683404,Research Paper 683404
593091,Research Paper 593091
1117501,Research Paper 1117501
99023,Research Paper 99023
99025,Research Paper 99025
513189,Research Paper 513189
1152421,Research Paper 1152421
1153150,Research Paper 1153150
99030,Research Paper 99030
1105932,Research Paper 1105932
1153160,Research Paper 1153160
1106671,Research Paper 1106671
531348,Research Paper 531348
577086,Research Paper 577086
531351,Research Paper 531351
25702,Research Paper 25702
87482,Research Paper 87482
135765,Research Paper 135765
135766,Research Paper 135766
1132864,Research Paper 1132864
22886,Research Paper 22886
1118286,Research Paper 1118286
162664,Research Paper 162664
1109542,Research Paper 1109542
1116835,Research Paper 1116835
1116839,Research Paper 1116839
1103016,Research Paper 1103016
1128425,Research Paper 1128425
1116842,Research Paper 1116842
1136446,Research Paper 1136446
1136447,Research Paper 1136447
27199,Research Paper 27199
1125597,Research Paper 1125597
1132887,Research Paper 1132887
593813,Research Paper 593813
594543,Research Paper 594543
917493,Research Paper 917493
1128430,Research Paper 1128430
51909,Research Paper 51909
1108834,Research Paper 1108834
1128437,Research Paper 1128437
989397,Research Paper 989397
97645,Research Paper 97645
8832,Research Paper 8832
1103031,Research Paper 1103031
346243,Research Paper 346243
1119708,Research Paper 1119708
36620,Research Paper 36620
25772,Research Paper 25772
640617,Research Paper 640617
8865,Research Paper 8865
950986,Research Paper 950986
35905,Research Paper 35905
8875,Research Paper 8875
25791,Research Paper 25791
100961,Research Paper 100961
738941,Research Paper 738941
64271,Research Paper 64271
3084,Research Paper 3084
3085,Research Paper 3085
28649,Research Paper 28649
3095,Research Paper 3095
3097,Research Paper 3097
1153943,Research Paper 1153943
1121254,Research Paper 1121254
74427,Research Paper 74427
231249,Research Paper 231249
1105221,Research Paper 1105221
28674,Research Paper 28674
1129907,Research Paper 1129907
650807,Research Paper 650807
348437,Research Paper 348437
1688,Research Paper 1688
33013,Research Paper 33013
38829,Research Paper 38829
307015,Research Paper 307015
127033,Research Paper 127033
310742,Research Paper 310742
1694,Research Paper 1694
650834,Research Paper 650834
1131420,Research Paper 1131420
193918,Research Paper 193918
85324,Research Paper 85324
642827,Research Paper 642827
38845,Research Paper 38845
193931,Research Paper 193931
193932,Research Paper 193932
4553,Research Paper 4553
1116146,Research Paper 1116146
85352,Research Paper 85352
261040,Research Paper 261040
145215,Research Paper 145215
646412,Research Paper 646412
1131464,Research Paper 1131464
1131466,Research Paper 1131466
574264,Research Paper 574264
458439,Research Paper 458439
57764,Research Paper 57764
646440,Research Paper 646440
1111899,Research Paper 1111899
521252,Research Paper 521252
1115471,Research Paper 1115471
1123493,Research Paper 1123493
601462,Research Paper 601462
421481,Research Paper 421481
385572,Research Paper 385572
30934,Research Paper 30934
84695,Research Paper 84695
189566,Research Paper 189566
69397,Research Paper 69397
6741,Research Paper 6741
177998,Research Paper 177998
395725,Research Paper 395725
61417,Research Paper 61417
54129,Research Paper 54129
1118347,Research Paper 1118347
1106764,Research Paper 1106764
102406,Research Paper 102406
75972,Research Paper 75972
95579,Research Paper 95579
54132,Research Paper 54132
27243,Research Paper 27243
1153262,Research Paper 1153262
1153264,Research Paper 1153264
30973,Research Paper 30973
1129208,Research Paper 1129208
1106771,Research Paper 1106771
27249,Research Paper 27249
95586,Research Paper 95586
95588,Research Paper 95588
255233,Research Paper 255233
6775,Research Paper 6775
129287,Research Paper 129287
27250,Research Paper 27250
19231,Research Paper 19231
1153275,Research Paper 1153275
1132948,Research Paper 1132948
1106789,Research Paper 1106789
95597,Research Paper 95597
6784,Research Paper 6784
682815,Research Paper 682815
1153280,Research Paper 1153280
148170,Research Paper 148170
263279,Research Paper 263279
1116922,Research Paper 1116922
1152564,Research Paper 1152564
1118388,Research Paper 1118388
851968,Research Paper 851968
3101,Research Paper 3101
1129243,Research Paper 1129243
170798,Research Paper 170798
3112,Research Paper 3112
503877,Research Paper 503877
17821,Research Paper 17821
503883,Research Paper 503883
561238,Research Paper 561238
1110438,Research Paper 1110438
575795,Research Paper 575795
1116974,Research Paper 1116974
272720,Research Paper 272720
415693,Research Paper 415693
18582,Research Paper 18582
11325,Research Paper 11325
11326,Research Paper 11326
1103162,Research Paper 1103162
1111186,Research Paper 1111186
578645,Research Paper 578645
578646,Research Paper 578646
578649,Research Paper 578649
1121313,Research Paper 1121313
11335,Research Paper 11335
1102442,Research Paper 1102442
11339,Research Paper 11339
52784,Research Paper 52784
11342,Research Paper 11342
1130080,Research Paper 1130080
3191,Research Paper 3191
3192,Research Paper 3192
400455,Research Paper 400455
1135899,Research Paper 1135899
591017,Research Paper 591017
751408,Research Paper 751408
1140230,Research Paper 1140230
1140231,Research Paper 1140231
1106052,Research Paper 1106052
70970,Research Paper 70970
67245,Research Paper 67245
67246,Research Paper 67246
205196,Research Paper 205196
135130,Research Paper 135130
123556,Research Paper 123556
645084,Research Paper 645084
1786,Research Paper 1786
66556,Research Paper 66556
1130808,Research Paper 1130808
4649,Research Paper 4649
582343,Research Paper 582343
395075,Research Paper 395075
582349,Research Paper 582349
20833,Research Paper 20833
1131549,Research Paper 1131549
58552,Research Paper 58552
85449,Research Paper 85449
49811,Research Paper 49811
77438,Research Paper 77438
4660,Research Paper 4660
66594,Research Paper 66594
66596,Research Paper 66596
314459,Research Paper 314459
1116268,Research Paper 1116268
1103960,Research Paper 1103960
49843,Research Paper 49843
1103969,Research Paper 1103969
593240,Research Paper 593240
207395,Research Paper 207395
593248,Research Paper 593248
943087,Research Paper 943087
7532,Research Paper 7532
7537,Research Paper 7537
25181,Research Paper 25181
25184,Research Paper 25184
16437,Research Paper 16437
1103985,Research Paper 1103985
6814,Research Paper 6814
6818,Research Paper 6818
1154042,Research Paper 1154042
23738,Research Paper 23738
1107558,Research Paper 1107558
137359,Research Paper 137359
16451,Research Paper 16451
318071,Research Paper 318071
232860,Research Paper 232860
1107572,Research Paper 1107572
49895,Research Paper 49895
16474,Research Paper 16474
1154076,Research Paper 1154076
626999,Research Paper 626999
137380,Research Paper 137380
1119178,Research Paper 1119178
33904,Research Paper 33904
1119180,Research Paper 1119180
33907,Research Paper 33907
174418,Research Paper 174418
70281,Research Paper 70281
73119,Research Paper 73119
9716,Research Paper 9716
174425,Research Paper 174425
416455,Research Paper 416455
18615,Research Paper 18615
127940,Research Paper 127940
1152663,Research Paper 1152663
675649,Research Paper 675649
1117760,Research Paper 1117760
1138091,Research Paper 1138091
1152673,Research Paper 1152673
321004,Research Paper 321004
139547,Research Paper 139547
45533,Research Paper 45533
3217,Research Paper 3217
1111240,Research Paper 1111240
523574,Research Paper 523574
1110515,Research Paper 1110515
73162,Research Paper 73162
52835,Research Paper 52835
3220,Research Paper 3220
3223,Research Paper 3223
1129367,Research Paper 1129367
1129368,Research Paper 1129368
1129369,Research Paper 1129369
84021,Research Paper 84021
1127913,Research Paper 1127913
3233,Research Paper 3233
3235,Research Paper 3235
3236,Research Paper 3236
562067,Research Paper 562067
3240,Research Paper 3240
92065,Research Paper 92065
213246,Research Paper 213246
911198,Research Paper 911198
12158,Research Paper 12158
20178,Research Paper 20178
20179,Research Paper 20179
80491,Research Paper 80491
561364,Research Paper 561364
20180,Research Paper 20180
245955,Research Paper 245955
1102548,Research Paper 1102548
1817,Research Paper 1817
31043,Research Paper 31043
1102550,Research Paper 1102550
20193,Research Paper 20193
1110579,Research Paper 1110579
213279,Research Paper 213279
1133010,Research Paper 1133010
157761,Research Paper 157761
31055,Research Paper 31055
12194,Research Paper 12194
1133028,Research Paper 1133028
578780,Research Paper 578780
12198,Research Paper 12198
12199,Research Paper 12199
90655,Research Paper 90655
6130,Research Paper 6130
337766,Research Paper 337766
112787,Research Paper 112787
1133047,Research Paper 1133047
1105428,Research Paper 1105428
785678,Research Paper 785678
644441,Research Paper 644441
672064,Research Paper 672064
41216,Research Paper 41216
1105433,Research Paper 1105433
1113459,Research Paper 1113459
55770,Research Paper 55770
6163,Research Paper 6163
259701,Research Paper 259701
259702,Research Paper 259702
1131607,Research Paper 1131607
430329,Research Paper 430329
643734,Research Paper 643734
643735,Research Paper 643735
656048,Research Paper 656048
1131611,Research Paper 1131611
617575,Research Paper 617575
1105450,Research Paper 1105450
15076,Research Paper 15076
10793,Research Paper 10793
1117049,Research Paper 1117049
647315,Research Paper 647315
33231,Research Paper 33231
1116328,Research Paper 1116328
1104749,Research Paper 1104749
594025,Research Paper 594025
315266,Research Paper 315266
643777,Research Paper 643777
1130927,Research Paper 1130927
1132385,Research Paper 1132385
1108329,Research Paper 1108329
1130929,Research Paper 1130929
1104769,Research Paper 1104769
594047,Research Paper 594047
1130931,Research Paper 1130931
1130934,Research Paper 1130934
141868,Research Paper 141868
593329,Research Paper 593329
144701,Research Paper 144701
574462,Research Paper 574462
60170,Research Paper 60170
120039,Research Paper 120039
502574,Research Paper 502574
293974,Research Paper 293974
1119216,Research Paper 1119216
1108363,Research Paper 1108363
191216,Research Paper 191216
469504,Research Paper 469504
358866,Research Paper 358866
1116397,Research Paper 1116397
191222,Research Paper 191222
36145,Research Paper 36145
1115677,Research Paper 1115677
577331,Research Paper 577331
31863,Research Paper 31863
566488,Research Paper 566488
358887,Research Paper 358887
6935,Research Paper 6935
6939,Research Paper 6939
197783,Research Paper 197783
34708,Research Paper 34708
1107674,Research Paper 1107674
248119,Research Paper 248119
318187,Research Paper 318187
1152714,Research Paper 1152714
1154173,Research Paper 1154173
300071,Research Paper 300071
1120020,Research Paper 1120020
423816,Research Paper 423816
1106966,Research Paper 1106966
148341,Research Paper 148341
136766,Research Paper 136766
325497,Research Paper 325497
136767,Research Paper 136767
136768,Research Paper 136768
409255,Research Paper 409255
1152740,Research Paper 1152740
1117833,Research Paper 1117833
309476,Research Paper 309476
1120059,Research Paper 1120059
80515,Research Paper 80515
65212,Research Paper 65212
15892,Research Paper 15892
1120084,Research Paper 1120084
576691,Research Paper 576691
148399,Research Paper 148399
175291,Research Paper 175291
1112071,Research Paper 1112071
117,Research Paper 117
157805,Research Paper 157805
300806,Research Paper 300806
31105,Research Paper 31105
154982,Research Paper 154982
141160,Research Paper 141160
112813,Research Paper 112813
98693,Research Paper 98693
98698,Research Paper 98698
192734,Research Paper 192734
12247,Research Paper 12247
1109891,Research Paper 1109891
141171,Research Paper 141171
312409,Research Paper 312409
608190,Research Paper 608190
608191,Research Paper 608191
55801,Research Paper 55801
1136791,Research Paper 1136791
815073,Research Paper 815073
1114222,Research Paper 1114222
173884,Research Paper 173884
1102646,Research Paper 1102646
63832,Research Paper 63832
211906,Research Paper 211906
83449,Research Paper 83449
2654,Research Paper 2654
815096,Research Paper 815096
277263,Research Paper 277263
1105505,Research Paper 1105505
48550,Research Paper 48550
83461,Research Paper 83461
48555,Research Paper 48555
6238,Research Paper 6238
636500,Research Paper 636500
340078,Research Paper 340078
1113534,Research Paper 1113534
578898,Research Paper 578898
1951,Research Paper 1951
1952,Research Paper 1952
1956,Research Paper 1956
636511,Research Paper 636511
463825,Research Paper 463825
1121569,Research Paper 1121569
1105531,Research Paper 1105531
14428,Research Paper 14428
14429,Research Paper 14429
74749,Research Paper 74749
14430,Research Paper 14430
14431,Research Paper 14431
1132434,Research Paper 1132434
648121,Research Paper 648121
582511,Research Paper 582511
688849,Research Paper 688849
1997,Research Paper 1997
1131728,Research Paper 1131728
1106298,Research Paper 1106298
86359,Research Paper 86359
647413,Research Paper 647413
1120880,Research Paper 1120880
1131734,Research Paper 1131734
562940,Research Paper 562940
230879,Research Paper 230879
1104851,Research Paper 1104851
1152075,Research Paper 1152075
58758,Research Paper 58758
230884,Research Paper 230884
34082,Research Paper 34082
1132486,Research Paper 1132486
39890,Research Paper 39890
66782,Research Paper 66782
218410,Research Paper 218410
647447,Research Paper 647447
1117184,Research Paper 1117184
66794,Research Paper 66794
227178,Research Paper 227178
936,Research Paper 936
940,Research Paper 940
575292,Research Paper 575292
941,Research Paper 941
1109185,Research Paper 1109185
85688,Research Paper 85688
28202,Research Paper 28202
50807,Research Paper 50807
379288,Research Paper 379288
1154229,Research Paper 1154229
1109199,Research Paper 1109199
118682,Research Paper 118682
153598,Research Paper 153598
1154251,Research Paper 1154251
62417,Research Paper 62417
1125909,Research Paper 1125909
79809,Research Paper 79809
739280,Research Paper 739280
70441,Research Paper 70441
70442,Research Paper 70442
70444,Research Paper 70444
79817,Research Paper 79817
129558,Research Paper 129558
892139,Research Paper 892139
576725,Research Paper 576725
28254,Research Paper 28254
1246,Research Paper 1246
237376,Research Paper 237376
27531,Research Paper 27531
397488,Research Paper 397488
42847,Research Paper 42847
42848,Research Paper 42848
155736,Research Paper 155736
155738,Research Paper 155738
39124,Research Paper 39124
39127,Research Paper 39127
39130,Research Paper 39130
1153577,Research Paper 1153577
335733,Research Paper 335733
28290,Research Paper 28290
18815,Research Paper 18815
1136814,Research Paper 1136814
1120169,Research Paper 1120169
82087,Research Paper 82087
178209,Research Paper 178209
139738,Research Paper 139738
82090,Research Paper 82090
18834,Research Paper 18834
39165,Research Paper 39165
190698,Research Paper 190698
1125992,Research Paper 1125992
1109957,Research Paper 1109957
46470,Research Paper 46470
46476,Research Paper 46476
1129570,Research Paper 1129570
1071981,Research Paper 1071981
1129573,Research Paper 1129573
39199,Research Paper 39199
12337,Research Paper 12337
29723,Research Paper 29723
694759,Research Paper 694759
46491,Research Paper 46491
1128856,Research Paper 1128856
1107010,Research Paper 1107010
643199,Research Paper 643199
1104182,Research Paper 1104182
12347,Research Paper 12347
63915,Research Paper 63915
519353,Research Paper 519353
608292,Research Paper 608292
1121603,Research Paper 1121603
1130356,Research Paper 1130356
12359,Research Paper 12359
192850,Research Paper 192850
7032,Research Paper 7032
1128881,Research Paper 1128881
140569,Research Paper 140569
1114331,Research Paper 1114331
7041,Research Paper 7041
561581,Research Paper 561581
561582,Research Paper 561582
192870,Research Paper 192870
1113614,Research Paper 1113614
1102761,Research Paper 1102761
116528,Research Paper 116528
561595,Research Paper 561595
94416,Research Paper 94416
5600,Research Paper 5600
1000012,Research Paper 1000012
1114364,Research Paper 1114364
1121659,Research Paper 1121659
66809,Research Paper 66809
6343,Research Paper 6343
212777,Research Paper 212777
583318,Research Paper 583318
709518,Research Paper 709518
350319,Research Paper 350319
116553,Research Paper 116553
170338,Research Paper 170338
179706,Research Paper 179706
1112929,Research Paper 1112929
656231,Research Paper 656231
14531,Research Paper 14531
1106370,Research Paper 1106370
1109208,Research Paper 1109208
1114398,Research Paper 1114398
95188,Research Paper 95188
510718,Research Paper 510718
208345,Research Paper 208345
6378,Research Paper 6378
22563,Research Paper 22563
10981,Research Paper 10981
110041,Research Paper 110041
14549,Research Paper 14549
95198,Research Paper 95198
6385,Research Paper 6385
575331,Research Paper 575331
568045,Research Paper 568045
1136110,Research Paper 1136110
1131828,Research Paper 1131828
67584,Research Paper 67584
243274,Research Paper 243274
135464,Research Paper 135464
1105672,Research Paper 1105672
93755,Research Paper 93755
756061,Research Paper 756061
522338,Research Paper 522338
219239,Research Paper 219239
61073,Research Paper 61073
262178,Research Paper 262178
686015,Research Paper 686015
1110024,Research Paper 1110024
613409,Research Paper 613409
686030,Research Paper 686030
227286,Research Paper 227286
45061,Research Paper 45061
646836,Research Paper 646836
1108551,Research Paper 1108551
13885,Research Paper 13885
1104999,Research Paper 1104999
566653,Research Paper 566653
1127430,Research Paper 1127430
299197,Research Paper 299197
1135455,Research Paper 1135455
97377,Research Paper 97377
592826,Research Paper 592826
566664,Research Paper 566664
633030,Research Paper 633030
633031,Research Paper 633031
686061,Research Paper 686061
592830,Research Paper 592830
573964,Research Paper 573964
1155073,Research Paper 1155073
17476,Research Paper 17476
17477,Research Paper 17477
190706,Research Paper 190706
28336,Research Paper 28336
573978,Research Paper 573978
1107861,Research Paper 1107861
17488,Research Paper 17488
1128198,Research Paper 1128198
1108597,Research Paper 1108597
103515,Research Paper 103515
27623,Research Paper 27623
200480,Research Paper 200480
103529,Research Paper 103529
649730,Research Paper 649730
39210,Research Paper 39210
46501,Research Paper 46501
27632,Research Paper 27632
649739,Research Paper 649739
1119471,Research Paper 1119471
103531,Research Paper 103531
470511,Research Paper 470511
509233,Research Paper 509233
236759,Research Paper 236759
237489,Research Paper 237489
1152944,Research Paper 1152944
1118764,Research Paper 1118764
643221,Research Paper 643221
212097,Research Paper 212097
608326,Research Paper 608326
643239,Research Paper 643239
1131116,Research Paper 1131116
202639,Research Paper 202639
141324,Research Paper 141324
294145,Research Paper 294145
1128927,Research Paper 1128927
561610,Research Paper 561610
561611,Research Paper 561611
147870,Research Paper 147870
248395,Research Paper 248395
1128935,Research Paper 1128935
241133,Research Paper 241133
141342,Research Paper 141342
141347,Research Paper 141347
1128946,Research Paper 1128946
1131164,Research Paper 1131164
12439,Research Paper 12439
1131167,Research Paper 1131167
1129683,Research Paper 1129683
359067,Research Paper 359067
117315,Research Paper 117315
117316,Research Paper 117316
144212,Research Paper 144212
1106401,Research Paper 1106401
1134022,Research Paper 1134022
13193,Research Paper 13193
1131192,Research Paper 1131192
1107136,Research Paper 1107136
1131195,Research Paper 1131195
1128982,Research Paper 1128982
121792,Research Paper 121792
653441,Research Paper 653441
385251,Research Paper 385251
1126011,Research Paper 1126011
1134031,Research Paper 1134031
642593,Research Paper 642593
1115166,Research Paper 1115166
737204,Research Paper 737204
118079,Research Paper 118079
1122460,Research Paper 1122460
1114442,Research Paper 1114442
589923,Research Paper 589923
1121739,Research Paper 1121739
626574,Research Paper 626574
1126037,Research Paper 1126037
645452,Research Paper 645452
753264,Research Paper 753264
1126044,Research Paper 1126044
74920,Research Paper 74920
74921,Research Paper 74921
1105718,Research Paper 1105718
48764,Research Paper 48764
48768,Research Paper 48768
1113742,Research Paper 1113742
74937,Research Paper 74937
575402,Research Paper 575402
168958,Research Paper 168958
78508,Research Paper 78508
289085,Research Paper 289085
78511,Research Paper 78511
308232,Research Paper 308232
682508,Research Paper 682508
75691,Research Paper 75691
75693,Research Paper 75693
75694,Research Paper 75694
155158,Research Paper 155158
1105764,Research Paper 1105764
1152259,Research Paper 1152259
579008,Research Paper 579008
1128201,Research Paper 1128201
1133390,Research Paper 1133390
1118083,Research Paper 1118083
78549,Research Paper 78549
604073,Research Paper 604073
595056,Research Paper 595056
1118092,Research Paper 1118092
1125386,Research Paper 1125386
78552,Research Paper 78552
78555,Research Paper 78555
78557,Research Paper 78557
646900,Research Paper 646900
595063,Research Paper 595063
648369,Research Paper 648369
1128227,Research Paper 1128227
89416,Research Paper 89416
578306,Research Paper 578306
683294,Research Paper 683294
440815,Research Paper 440815
126867,Research Paper 126867
126868,Research Paper 126868
72056,Research Paper 72056
1119505,Research Paper 1119505
1128256,Research Paper 1128256
1108656,Research Paper 1108656
71336,Research Paper 71336
1109392,Research Paper 1109392
40886,Research Paper 40886
1115959,Research Paper 1115959
578347,Research Paper 578347
284023,Research Paper 284023
345340,Research Paper 345340
621555,Research Paper 621555
118873,Research Paper 118873
8687,Research Paper 8687
226698,Research Paper 226698
578365,Research Paper 578365
1135589,Research Paper 1135589
8696,Research Paper 8696
1118823,Research Paper 1118823
411005,Research Paper 411005
509315,Research Paper 509315
171954,Research Paper 171954
230300,Research Paper 230300
1105011,Research Paper 1105011
1121057,Research Paper 1121057
592973,Research Paper 592973
592975,Research Paper 592975
48066,Research Paper 48066
248431,Research Paper 248431
1121063,Research Paper 1121063
592986,Research Paper 592986
48075,Research Paper 48075
289885,Research Paper 289885
592993,Research Paper 592993
592996,Research Paper 592996
28489,Research Paper 28489
590022,Research Paper 590022
111676,Research Paper 111676
13205,Research Paper 13205
13208,Research Paper 13208
102938,Research Paper 102938
102939,Research Paper 102939
416867,Research Paper 416867
72805,Research Paper 72805
574009,Research Paper 574009
294239,Research Paper 294239
1131223,Research Paper 1131223
77108,Research Paper 77108
5064,Research Paper 5064
5069,Research Paper 5069
1131230,Research Paper 1131230
40125,Research Paper 40125
1123215,Research Paper 1123215
20526,Research Paper 20526
20528,Research Paper 20528
77112,Research Paper 77112
107251,Research Paper 107251
107252,Research Paper 107252
5075,Research Paper 5075
126128,Research Paper 126128
734406,Research Paper 734406
40131,Research Paper 40131
703953,Research Paper 703953
40135,Research Paper 40135
1131257,Research Paper 1131257
1123239,Research Paper 1123239
1129778,Research Paper 1129778
662250,Research Paper 662250
711994,Research Paper 711994
273949,Research Paper 273949
1131266,Research Paper 1131266
1130539,Research Paper 1130539
377303,Research Paper 377303
179180,Research Paper 179180
1129798,Research Paper 1129798
1114512,Research Paper 1114512
1110950,Research Paper 1110950
12558,Research Paper 12558
853114,Research Paper 853114
853115,Research Paper 853115
853116,Research Paper 853116
853118,Research Paper 853118
1114526,Research Paper 1114526
212930,Research Paper 212930
206371,Research Paper 206371
105856,Research Paper 105856
463,Research Paper 463
20592,Research Paper 20592
51049,Research Paper 51049
20593,Research Paper 20593
83746,Research Paper 83746
124734,Research Paper 124734
106590,Research Paper 106590
1133417,Research Paper 1133417
1125402,Research Paper 1125402
1153024,Research Paper 1153024
853155,Research Paper 853155
1118120,Research Paper 1118120
1105810,Research Paper 1105810
1113831,Research Paper 1113831
646289,Research Paper 646289
1106546,Research Paper 1106546
31479,Research Paper 31479
31483,Research Paper 31483
31489,Research Paper 31489
94639,Research Paper 94639
631015,Research Paper 631015
645571,Research Paper 645571
1106568,Research Paper 1106568
430711,Research Paper 430711
7296,Research Paper 7296
1132731,Research Paper 1132731
1153064,Research Paper 1153064
93923,Research Paper 93923
1134197,Research Paper 1134197
87363,Research Paper 87363
395540,Research Paper 395540
395547,Research Paper 395547
50381,Research Paper 50381
1129015,Research Paper 1129015
126909,Research Paper 126909
143676,Research Paper 143676
395553,Research Paper 395553
752684,Research Paper 752684
1129021,Research Paper 1129021
19045,Research Paper 19045
631052,Research Paper 631052
126912,Research Paper 126912
116790,Research Paper 116790
5869,Research Paper 5869
579108,Research Paper 579108
683355,Research Paper 683355
1105877,Research Paper 1105877
59772,Research Paper 59772
243483,Research Paper 243483
126926,Research Paper 126926
155277,Research Paper 155277
1128314,Research Paper 1128314
1105887,Research Paper 1105887
1110209,Research Paper 1110209
307656,Research Paper 307656
199571,Research Paper 199571
1152394,Research Paper 1152394
60560,Research Paper 60560
595193,Research Paper 595193
990075,Research Paper 990075
119686,Research Paper 119686
1154520,Research Paper 1154520
28504,Research Paper 28504
1154524,Research Paper 1154524
1154525,Research Paper 1154525
1129096,Research Paper 1129096
1128369,Research Paper 1128369
96845,Research Paper 96845
380341,Research Paper 380341
8766,Research Paper 8766
1110256,Research Paper 1110256
55403,Research Paper 55403
389715,Research Paper 389715
1153816,Research Paper 1153816
131317,Research Paper 131317
260979,Research Paper 260979
264556,Research Paper 264556
35852,Research Paper 35852
1119671,Research Paper 1119671
1153853,Research Paper 1153853
1112417,Research Paper 1112417
1153860,Research Paper 1153860
1153861,Research Paper 1153861
35863,Research Paper 35863
1121176,Research Paper 1121176
1131301,Research Paper 1131301
1131305,Research Paper 1131305
1105148,Research Paper 1105148
134219,Research Paper 134219
671052,Research Paper 671052
1131312,Research Paper 1131312
156794,Research Paper 156794
1153896,Research Paper 1153896
1153899,Research Paper 1153899
167656,Research Paper 167656
239829,Research Paper 239829
1104435,Research Paper 1104435
187260,Research Paper 187260
231198,Research Paper 231198
1131334,Research Paper 1131334
1131335,Research Paper 1131335
142268,Research Paper 142268
504,Research Paper 504
506,Research Paper 506
228990,Research Paper 228990
228992,Research Paper 228992
1132073,Research Paper 1132073
654326,Research Paper 654326
1116044,Research Paper 1116044
1131359,Research Paper 1131359
643485,Research Paper 643485
654339,Research Paper 654339
1107319,Research Paper 1107319
132821,Research Paper 132821
360028,Research Paper 360028
214472,Research Paper 214472
646334,Research Paper 646334
653628,Research Paper 653628
1107325,Research Paper 1107325
166989,Research Paper 166989
1111788,Research Paper 1111788
151708,Research Paper 151708
118259,Research Paper 118259
32260,Research Paper 32260
137130,Research Paper 137130
92589,Research Paper 92589
118260,Research Paper 118260
124828,Research Paper 124828
141596,Research Paper 141596
197452,Research Paper 197452
646357,Research Paper 646357
1153106,Research Paper 1153106
30817,Research Paper 30817
642798,Research Paper 642798
1130676,Research Paper 1130676
1107355,Research Paper 1107355
1118209,Research Paper 1118209
987188,Research Paper 987188
87417,Research Paper 87417
23545,Research Paper 23545
23546,Research Paper 23546
1113926,Research Paper 1113926
94713,Research Paper 94713
1107367,Research Paper 1107367
987197,Research Paper 987197
521183,Research Paper 521183
1114664,Research Paper 1114664
69296,Research Paper 69296
51180,Research Paper 51180
43165,Research Paper 43165
1132815,Research Paper 1132815
1107385,Research Paper 1107385
100197,Research Paper 100197
520471,Research Paper 520471
215912,Research Paper 215912
61312,Research Paper 61312
1129106,Research Paper 1129106
43186,Research Paper 43186
1129111,Research Paper 1129111
41732,Research Paper 41732
22869,Research Paper 22869
9513,Research Paper 9513
9515,Research Paper 9515
119712,Research Paper 119712
270456,Research Paper 270456
5959,Research Paper 5959
576362,Research Paper 576362
1153183,Research Paper 1153183
22874,Research Paper 22874
22875,Research Paper 22875
22876,Research Paper 22876
1124837,Research Paper 1124837
1132857,Research Paper 1132857
594511,Research Paper 594511
22883,Research Paper 22883
238401,Research Paper 238401
1136449,Research Paper 1136449
714208,Research Paper 714208
9559,Research Paper 9559
135798,Research Paper 135798
1152490,Research Paper 1152490
1109566,Research Paper 1109566
1103038,Research Paper 1103038
177115,Research Paper 177115
523394,Research Paper 523394
1128453,Research Paper 1128453
1109581,Research Paper 1109581
101660,Research Paper 101660
101662,Research Paper 101662
9581,Research Paper 9581
9586,Research Paper 9586
1135750,Research Paper 1135750
51934,Research Paper 51934
762980,Research Paper 762980
1153900,Research Paper 1153900
593859,Research Paper 593859
714256,Research Paper 714256
8874,Research Paper 8874
25794,Research Paper 25794
75121,Research Paper 75121
28632,Research Paper 28632
1153922,Research Paper 1153922
1119742,Research Paper 1119742
63549,Research Paper 63549
1138619,Research Paper 1138619
1102364,Research Paper 1102364
28640,Research Paper 28640
28641,Research Paper 28641
409725,Research Paper 409725
292277,Research Paper 292277
606479,Research Paper 606479
1153942,Research Paper 1153942
1153945,Research Paper 1153945
1153946,Research Paper 1153946
709113,Research Paper 709113
194609,Research Paper 194609
90470,Research Paper 90470
820661,Research Paper 820661
820662,Research Paper 820662
1105231,Research Paper 1105231
73712,Research Paper 73712
54844,Research Paper 54844
684972,Research Paper 684972
134314,Research Paper 134314
735303,Research Paper 735303
824245,Research Paper 824245
195361,Research Paper 195361
529165,Research Paper 529165
1131414,Research Paper 1131414
617378,Research Paper 617378
1120563,Research Paper 1120563
47570,Research Paper 47570
684986,Research Paper 684986
735311,Research Paper 735311
187354,Research Paper 187354
1132157,Research Paper 1132157
58436,Research Paper 58436
278403,Research Paper 278403
58453,Research Paper 58453
58454,Research Paper 58454
206524,Research Paper 206524
593104,Research Paper 593104
133628,Research Paper 133628
46887,Research Paper 46887
49720,Research Paper 49720
1131471,Research Paper 1131471
643597,Research Paper 643597
1107418,Research Paper 1107418
1129994,Research Paper 1129994
573535,Research Paper 573535
814836,Research Paper 814836
1119004,Research Paper 1119004
1134320,Research Paper 1134320
1116181,Research Paper 1116181
1108167,Research Paper 1108167
1108169,Research Paper 1108169
49753,Research Paper 49753
57773,Research Paper 57773
7430,Research Paper 7430
521251,Research Paper 521251
593155,Research Paper 593155
642894,Research Paper 642894
1126315,Research Paper 1126315
1108175,Research Paper 1108175
1059953,Research Paper 1059953
521269,Research Paper 521269
1118302,Research Paper 1118302
1130780,Research Paper 1130780
1134346,Research Paper 1134346
1134348,Research Paper 1134348
1135082,Research Paper 1135082
899085,Research Paper 899085
124952,Research Paper 124952
240791,Research Paper 240791
189571,Research Paper 189571
189572,Research Paper 189572
1126350,Research Paper 1126350
189574,Research Paper 189574
177993,Research Paper 177993
27230,Research Paper 27230
1119078,Research Paper 1119078
128540,Research Paper 128540
308529,Research Paper 308529
54131,Research Paper 54131
75983,Research Paper 75983
15670,Research Paper 15670
33818,Research Paper 33818
95594,Research Paper 95594
6782,Research Paper 6782
33823,Research Paper 33823
25805,Research Paper 25805
1153287,Research Paper 1153287
596075,Research Paper 596075
817774,Research Paper 817774
18532,Research Paper 18532
18536,Research Paper 18536
235670,Research Paper 235670
235678,Research Paper 235678
235679,Research Paper 235679
739707,Research Paper 739707
17811,Research Paper 17811
503871,Research Paper 503871
235683,Research Paper 235683
1128531,Research Paper 1128531
594649,Research Paper 594649
1128536,Research Paper 1128536
1102400,Research Paper 1102400
593921,Research Paper 593921
486840,Research Paper 486840
1127810,Research Paper 1127810
503893,Research Paper 503893
399370,Research Paper 399370
387795,Research Paper 387795
220420,Research Paper 220420
593942,Research Paper 593942
8961,Research Paper 8961
645016,Research Paper 645016
481073,Research Paper 481073
11337,Research Paper 11337
578650,Research Paper 578650
1130069,Research Paper 1130069
1127851,Research Paper 1127851
124224,Research Paper 124224
37483,Research Paper 37483
578669,Research Paper 578669
1127863,Research Paper 1127863
1135894,Research Paper 1135894
645046,Research Paper 645046
22229,Research Paper 22229
149669,Research Paper 149669
365294,Research Paper 365294
169279,Research Paper 169279
1138755,Research Paper 1138755
323128,Research Paper 323128
22241,Research Paper 22241
156977,Research Paper 156977
763010,Research Paper 763010
1120650,Research Paper 1120650
1105344,Research Paper 1105344
59244,Research Paper 59244
286500,Research Paper 286500
567005,Research Paper 567005
644361,Research Paper 644361
644363,Research Paper 644363
154023,Research Paper 154023
286513,Research Paper 286513
459206,Research Paper 459206
671269,Research Paper 671269
1105360,Research Paper 1105360
1112650,Research Paper 1112650
632796,Research Paper 632796
47682,Research Paper 47682
47683,Research Paper 47683
47684,Research Paper 47684
4637,Research Paper 4637
642920,Research Paper 642920
634902,Research Paper 634902
459213,Research Paper 459213
459214,Research Paper 459214
634904,Research Paper 634904
459216,Research Paper 459216
20821,Research Paper 20821
178718,Research Paper 178718
1108209,Research Paper 1108209
1112665,Research Paper 1112665
1104647,Research Paper 1104647
1140289,Research Paper 1140289
66563,Research Paper 66563
67292,Research Paper 67292
66564,Research Paper 66564
154047,Research Paper 154047
642930,Research Paper 642930
654519,Research Paper 654519
178727,Research Paper 178727
1135108,Research Paper 1135108
593201,Research Paper 593201
162075,Research Paper 162075
593209,Research Paper 593209
107569,Research Paper 107569
1123530,Research Paper 1123530
1135115,Research Paper 1135115
1132285,Research Paper 1132285
1131557,Research Paper 1131557
162080,Research Paper 162080
3932,Research Paper 3932
593210,Research Paper 593210
118424,Research Paper 118424
1135122,Research Paper 1135122
634938,Research Paper 634938
1131565,Research Paper 1131565
20857,Research Paper 20857
118435,Research Paper 118435
118436,Research Paper 118436
643695,Research Paper 643695
1130847,Research Paper 1130847
1111978,Research Paper 1111978
1154012,Research Paper 1154012
1108258,Research Paper 1108258
49844,Research Paper 49844
49847,Research Paper 49847
189620,Research Paper 189620
189623,Research Paper 189623
1108267,Research Paper 1108267
1050679,Research Paper 1050679
634975,Research Paper 634975
1114838,Research Paper 1114838
577227,Research Paper 577227
28026,Research Paper 28026
601561,Research Paper 601561
24476,Research Paper 24476
1026,Research Paper 1026
95642,Research Paper 95642
270600,Research Paper 270600
145384,Research Paper 145384
16461,Research Paper 16461
35335,Research Paper 35335
1138027,Research Paper 1138027
1035,Research Paper 1035
1114864,Research Paper 1114864
1154068,Research Paper 1154068
449841,Research Paper 449841
1154071,Research Paper 1154071
1106854,Research Paper 1106854
210309,Research Paper 210309
801170,Research Paper 801170
251756,Research Paper 251756
645870,Research Paper 645870
144679,Research Paper 144679
1138043,Research Paper 1138043
86923,Research Paper 86923
342802,Research Paper 342802
1152633,Research Paper 1152633
711527,Research Paper 711527
684372,Research Paper 684372
216878,Research Paper 216878
62274,Research Paper 62274
72406,Research Paper 72406
101811,Research Paper 101811
246618,Research Paper 246618
1136631,Research Paper 1136631
1152676,Research Paper 1152676
235776,Research Paper 235776
57119,Research Paper 57119
119956,Research Paper 119956
948147,Research Paper 948147
739816,Research Paper 739816
3222,Research Paper 3222
1117786,Research Paper 1117786
1110520,Research Paper 1110520
36802,Research Paper 36802
3232,Research Paper 3232
3237,Research Paper 3237
1111265,Research Paper 1111265
695284,Research Paper 695284
37541,Research Paper 37541
1110546,Research Paper 1110546
71736,Research Paper 71736
1135955,Research Paper 1135955
12155,Research Paper 12155
258259,Research Paper 258259
1114118,Research Paper 1114118
606647,Research Paper 606647
12165,Research Paper 12165
1110563,Research Paper 1110563
12169,Research Paper 12169
1133004,Research Paper 1133004
1133008,Research Paper 1133008
1102567,Research Paper 1102567
12195,Research Paper 12195
28851,Research Paper 28851
644427,Research Paper 644427
1113438,Research Paper 1113438
1121459,Research Paper 1121459
689439,Research Paper 689439
633585,Research Paper 633585
31083,Research Paper 31083
6152,Research Paper 6152
1119987,Research Paper 1119987
1114184,Research Paper 1114184
82664,Research Paper 82664
82666,Research Paper 82666
672070,Research Paper 672070
672071,Research Paper 672071
632874,Research Paper 632874
1114192,Research Paper 1114192
644470,Research Paper 644470
5462,Research Paper 5462
594011,Research Paper 594011
20924,Research Paper 20924
1131634,Research Paper 1131634
1120786,Research Paper 1120786
1112767,Research Paper 1112767
180301,Research Paper 180301
160705,Research Paper 160705
628458,Research Paper 628458
628459,Research Paper 628459
1130915,Research Paper 1130915
1116336,Research Paper 1116336
390889,Research Paper 390889
57922,Research Paper 57922
594039,Research Paper 594039
13654,Research Paper 13654
57932,Research Paper 57932
73972,Research Paper 73972
198443,Research Paper 198443
60159,Research Paper 60159
101143,Research Paper 101143
101145,Research Paper 101145
763181,Research Paper 763181
44121,Research Paper 44121
593328,Research Paper 593328
259772,Research Paper 259772
189708,Research Paper 189708
60169,Research Paper 60169
24530,Research Paper 24530
467383,Research Paper 467383
20972,Research Paper 20972
13686,Research Paper 13686
152731,Research Paper 152731
118558,Research Paper 118558
118559,Research Paper 118559
1154123,Research Paper 1154123
1154124,Research Paper 1154124
1126503,Research Paper 1126503
40583,Research Paper 40583
95719,Research Paper 95719
693143,Research Paper 693143
36131,Research Paper 36131
1123689,Research Paper 1123689
6913,Research Paper 6913
256106,Research Paper 256106
36140,Research Paper 36140
1115670,Research Paper 1115670
1108389,Research Paper 1108389
6923,Research Paper 6923
6925,Research Paper 6925
36162,Research Paper 36162
62329,Research Paper 62329
36167,Research Paper 36167
6941,Research Paper 6941
245288,Research Paper 245288
62333,Research Paper 62333
189774,Research Paper 189774
1133846,Research Paper 1133846
167205,Research Paper 167205
62347,Research Paper 62347
267003,Research Paper 267003
1114992,Research Paper 1114992
1112026,Research Paper 1112026
1119295,Research Paper 1119295
1111304,Research Paper 1111304
964248,Research Paper 964248
45603,Research Paper 45603
1109830,Research Paper 1109830
1152761,Research Paper 1152761
62389,Research Paper 62389
444191,Research Paper 444191
263482,Research Paper 263482
263486,Research Paper 263486
263498,Research Paper 263498
675756,Research Paper 675756
1125895,Research Paper 1125895
627024,Research Paper 627024
12211,Research Paper 12211
643069,Research Paper 643069
1112075,Research Paper 1112075
884094,Research Paper 884094
120817,Research Paper 120817
1110628,Research Paper 1110628
18770,Research Paper 18770
18773,Research Paper 18773
173863,Research Paper 173863
1130243,Research Paper 1130243
1102625,Research Paper 1102625
63812,Research Paper 63812
18781,Research Paper 18781
18785,Research Paper 18785
1129494,Research Paper 1129494
578845,Research Paper 578845
68115,Research Paper 68115
293271,Research Paper 293271
63835,Research Paper 63835
1919,Research Paper 1919
164,Research Paper 164
293285,Research Paper 293285
12275,Research Paper 12275
1103383,Research Paper 1103383
1114239,Research Paper 1114239
6215,Research Paper 6215
288107,Research Paper 288107
385067,Research Paper 385067
1121537,Research Paper 1121537
1103394,Research Paper 1103394
6224,Research Paper 6224
2663,Research Paper 2663
104840,Research Paper 104840
632935,Research Paper 632935
1106236,Research Paper 1106236
375605,Research Paper 375605
1132406,Research Paper 1132406
28964,Research Paper 28964
308003,Research Paper 308003
47839,Research Paper 47839
753070,Research Paper 753070
563613,Research Paper 563613
1132416,Research Paper 1132416
2695,Research Paper 2695
2696,Research Paper 2696
2698,Research Paper 2698
1105530,Research Paper 1105530
1113551,Research Paper 1113551
688824,Research Paper 688824
1138968,Research Paper 1138968
1120858,Research Paper 1120858
40605,Research Paper 40605
1132443,Research Paper 1132443
1999,Research Paper 1999
33325,Research Paper 33325
644577,Research Paper 644577
66751,Research Paper 66751
594119,Research Paper 594119
1132461,Research Paper 1132461
1115701,Research Paper 1115701
1131741,Research Paper 1131741
270085,Research Paper 270085
1136040,Research Paper 1136040
1131752,Research Paper 1131752
1131754,Research Paper 1131754
4878,Research Paper 4878
1123756,Research Paper 1123756
1135345,Research Paper 1135345
1107728,Research Paper 1107728
1154232,Research Paper 1154232
1154233,Research Paper 1154233
17363,Research Paper 17363
1213,Research Paper 1213
149139,Research Paper 149139
28230,Research Paper 28230
50838,Research Paper 50838
1125906,Research Paper 1125906
32698,Research Paper 32698
754594,Research Paper 754594
1133930,Research Paper 1133930
1115790,Research Paper 1115790
28249,Research Paper 28249
1237,Research Paper 1237
684531,Research Paper 684531
238099,Research Paper 238099
131042,Research Paper 131042
444240,Research Paper 444240
1112106,Research Paper 1112106
27535,Research Paper 27535
28267,Research Paper 28267
1120138,Research Paper 1120138
1117920,Research Paper 1117920
1125944,Research Paper 1125944
1118658,Research Paper 1118658
263553,Research Paper 263553
1125953,Research Paper 1125953
114308,Research Paper 114308
630817,Research Paper 630817
687401,Research Paper 687401
594900,Research Paper 594900
10174,Research Paper 10174
73323,Research Paper 73323
46431,Research Paper 46431
202520,Research Paper 202520
15987,Research Paper 15987
10186,Research Paper 10186
294030,Research Paper 294030
675847,Research Paper 675847
190697,Research Paper 190697
576795,Research Paper 576795
1125993,Research Paper 1125993
519318,Research Paper 519318
1120197,Research Paper 1120197
1152896,Research Paper 1152896
1122304,Research Paper 1122304
2702,Research Paper 2702
1129572,Research Paper 1129572
1112194,Research Paper 1112194
29738,Research Paper 29738
1128868,Research Paper 1128868
633721,Research Paper 633721
630890,Research Paper 630890
1123068,Research Paper 1123068
561568,Research Paper 561568
733534,Research Paper 733534
1102751,Research Paper 1102751
1114336,Research Paper 1114336
1123087,Research Paper 1123087
6311,Research Paper 6311
116512,Research Paper 116512
6318,Research Paper 6318
7047,Research Paper 7047
1123093,Research Paper 1123093
1103499,Research Paper 1103499
151430,Research Paper 151430
431206,Research Paper 431206
372862,Research Paper 372862
561593,Research Paper 561593
1106330,Research Paper 1106330
1105603,Research Paper 1105603
1132505,Research Paper 1132505
74821,Research Paper 74821
6344,Research Paper 6344
116545,Research Paper 116545
733576,Research Paper 733576
1112911,Research Paper 1112911
1105622,Research Paper 1105622
1102794,Research Paper 1102794
262108,Research Paper 262108
116552,Research Paper 116552
41417,Research Paper 41417
1140543,Research Paper 1140543
14529,Research Paper 14529
1117219,Research Paper 1117219
1107095,Research Paper 1107095
1140548,Research Paper 1140548
523010,Research Paper 523010
42156,Research Paper 42156
262121,Research Paper 262121
22564,Research Paper 22564
14545,Research Paper 14545
22566,Research Paper 22566
1106388,Research Paper 1106388
429781,Research Paper 429781
335042,Research Paper 335042
219218,Research Paper 219218
610529,Research Paper 610529
250566,Research Paper 250566
1104946,Research Paper 1104946
195792,Research Paper 195792
1152179,Research Paper 1152179
89308,Research Paper 89308
350373,Research Paper 350373
628667,Research Paper 628667
628668,Research Paper 628668
102061,Research Paper 102061
430574,Research Paper 430574
1107808,Research Paper 1107808
1110028,Research Paper 1110028
45052,Research Paper 45052
89335,Research Paper 89335
252715,Research Paper 252715
4983,Research Paper 4983
646837,Research Paper 646837
1139009,Research Paper 1139009
252725,Research Paper 252725
593544,Research Paper 593544
299195,Research Paper 299195
593559,Research Paper 593559
1108570,Research Paper 1108570
272345,Research Paper 272345
593560,Research Paper 593560
70520,Research Paper 70520
131122,Research Paper 131122
8591,Research Paper 8591
217852,Research Paper 217852
264347,Research Paper 264347
7867,Research Paper 7867
27612,Research Paper 27612
1152917,Research Paper 1152917
28359,Research Paper 28359
103528,Research Paper 103528
46500,Research Paper 46500
27631,Research Paper 27631
289779,Research Paper 289779
103537,Research Paper 103537
633081,Research Paper 633081
255628,Research Paper 255628
397590,Research Paper 397590
1129610,Research Paper 1129610
50980,Research Paper 50980
28385,Research Paper 28385
427606,Research Paper 427606
616336,Research Paper 616336
1120252,Research Paper 1120252
1152958,Research Paper 1152958
1152959,Research Paper 1152959
1385,Research Paper 1385
254923,Research Paper 254923
34961,Research Paper 34961
46547,Research Paper 46547
13136,Research Paper 13136
1131137,Research Paper 1131137
233106,Research Paper 233106
561613,Research Paper 561613
1131149,Research Paper 1131149
1104258,Research Paper 1104258
1152991,Research Paper 1152991
447250,Research Paper 447250
115188,Research Paper 115188
102879,Research Paper 102879
1131150,Research Paper 1131150
56708,Research Paper 56708
1128943,Research Paper 1128943
134060,Research Paper 134060
102884,Research Paper 102884
1131163,Research Paper 1131163
4274,Research Paper 4274
1131172,Research Paper 1131172
767763,Research Paper 767763
152226,Research Paper 152226
152227,Research Paper 152227
626530,Research Paper 626530
626531,Research Paper 626531
1131180,Research Paper 1131180
1130454,Research Paper 1130454
1131184,Research Paper 1131184
1128974,Research Paper 1128974
1128975,Research Paper 1128975
1128977,Research Paper 1128977
1128978,Research Paper 1128978
117328,Research Paper 117328
24043,Research Paper 24043
